segmentID,segmentInd,Name,,,,,,,,,,,,,,
1,3758,Kansas River,,,,,,,,,,,,,,
1,3943,Kansas River,,,,,,,,,,,,,,
1,4137,Kansas River,,,,,,,,,,,,,,
1,4310,Kansas River,,,,,,,,,,,,,,
1,4501,Kansas River,,,,,,,,,,,,,,
1,4679,Kansas River,,,,,,,,,,,,,,
1,4870,Kansas River,,,,,,,,,,,,,,
1,5054,Kansas River,,,,,,,,,,,,,,
1,5237,Kansas River,,,,,,,,,,,,,,
1,5416,Kansas River,,,,,,,,,,,,,,
1,5595,Kansas River,,,,,,,,,,,,,,
1,5783,Kansas River,,,,,,,,,,,,,,
1,5966,Kansas River,,,,,,,,,,,,,,
1,6141,Kansas River,,,,,,,,,,,,,,
1,6324,Kansas River,,,,,,,,,,,,,,
1,6505,Kansas River,,,,,,,,,,,,,,
7,72,missouri to St. Joseph Kansas,,,,,,,,,,,,,,
7,209,missouri to St. Joseph Kansas,,,,,,,,,,,,,,
7,354,missouri to St. Joseph Kansas,,,,,,,,,,,,,,
7,500,missouri to St. Joseph Kansas,,,,,,,,,,,,,,
7,649,missouri to St. Joseph Kansas,,,,,,,,,,,,,,
7,795,missouri to St. Joseph Kansas,,,,,,,,,,,,,,
7,948,missouri to St. Joseph Kansas,,,,,,,,,,,,,,
7,1101,missouri to St. Joseph Kansas,,,,,,,,,,,,,,
7,1251,missouri to St. Joseph Kansas,,,,,,,,,,,,,,
7,1397,missouri to St. Joseph Kansas,,,,,,,,,,,,,,
7,1543,missouri to St. Joseph Kansas,,,,,,,,,,,,,,
7,1684,missouri to St. Joseph Kansas,,,,,,,,,,,,,,
7,1835,missouri to St. Joseph Kansas,,,,,,,,,,,,,,
8,33,Missorui to Rulo,,,,,,,,,,,,,,
8,94,Missorui to Rulo,,,,,,,,,,,,,,
8,149,Missorui to Rulo,,,,,,,,,,,,,,
8,216,Missorui to Rulo,,,,,,,,,,,,,,
8,283,Missorui to Rulo,,,,,,,,,,,,,,
8,340,Missorui to Rulo,,,,,,,,,,,,,,
8,403,Missorui to Rulo,,,,,,,,,,,,,,
8,463,Missorui to Rulo,,,,,,,,,,,,,,
8,527,Missorui to Rulo,,,,,,,,,,,,,,
8,585,Missorui to Rulo,,,,,,,,,,,,,,
8,648,Missorui to Rulo,,,,,,,,,,,,,,
8,711,Missorui to Rulo,,,,,,,,,,,,,,
8,771,Missorui to Rulo,,,,,,,,,,,,,,
8,836,Missorui to Rulo,,,,,,,,,,,,,,
8,897,Missorui to Rulo,,,,,,,,,,,,,,
8,952,Missorui to Rulo,,,,,,,,,,,,,,
8,1016,Missorui to Rulo,,,,,,,,,,,,,,
8,1077,Missorui to Rulo,,,,,,,,,,,,,,
8,1144,Missorui to Rulo,,,,,,,,,,,,,,
8,1202,Missorui to Rulo,,,,,,,,,,,,,,
8,1270,Missorui to Rulo,,,,,,,,,,,,,,
8,1334,Missorui to Rulo,,,,,,,,,,,,,,
8,1394,Missorui to Rulo,,,,,,,,,,,,,,
8,1458,Missorui to Rulo,,,,,,,,,,,,,,
8,1519,Missorui to Rulo,,,,,,,,,,,,,,
8,1585,Missorui to Rulo,,,,,,,,,,,,,,
8,1641,Missorui to Rulo,,,,,,,,,,,,,,
8,1707,Missorui to Rulo,,,,,,,,,,,,,,
8,1772,Missorui to Rulo,,,,,,,,,,,,,,
8,1833,Missorui to Rulo,,,,,,,,,,,,,,
8,1895,Missorui to Rulo,,,,,,,,,,,,,,
8,1958,Missorui to Rulo,,,,,,,,,,,,,,
8,2015,Missorui to Rulo,,,,,,,,,,,,,,
8,2081,Missorui to Rulo,,,,,,,,,,,,,,
8,2146,Missorui to Rulo,,,,,,,,,,,,,,
8,2206,Missorui to Rulo,,,,,,,,,,,,,,
8,2272,Missorui to Rulo,,,,,,,,,,,,,,
8,2337,Missorui to Rulo,,,,,,,,,,,,,,
8,2394,Missorui to Rulo,,,,,,,,,,,,,,
8,2451,Missorui to Rulo,,,,,,,,,,,,,,
9,73,Missrui DS Kansas City,,,,,,,,,,,,,,
9,201,Missrui DS Kansas City,,,,,,,,,,,,,,
9,340,Missrui DS Kansas City,,,,,,,,,,,,,,
9,474,Missrui DS Kansas City,,,,,,,,,,,,,,
9,609,Missrui DS Kansas City,,,,,,,,,,,,,,
9,745,Missrui DS Kansas City,,,,,,,,,,,,,,
9,894,Missrui DS Kansas City,,,,,,,,,,,,,,
9,1031,Missrui DS Kansas City,,,,,,,,,,,,,,
9,1171,Missrui DS Kansas City,,,,,,,,,,,,,,
9,1309,Missrui DS Kansas City,,,,,,,,,,,,,,
9,1444,Missrui DS Kansas City,,,,,,,,,,,,,,
9,1582,Missrui DS Kansas City,,,,,,,,,,,,,,
9,1721,Missrui DS Kansas City,,,,,,,,,,,,,,
9,1864,Missrui DS Kansas City,,,,,,,,,,,,,,
9,2003,Missrui DS Kansas City,,,,,,,,,,,,,,
9,2152,Missrui DS Kansas City,,,,,,,,,,,,,,
9,2286,Missrui DS Kansas City,,,,,,,,,,,,,,
9,2428,Missrui DS Kansas City,,,,,,,,,,,,,,
9,2567,Missrui DS Kansas City,,,,,,,,,,,,,,
9,2708,Missrui DS Kansas City,,,,,,,,,,,,,,
10,2105,Missorui us St louis,,,,,,,,,,,,,,
10,2221,Missorui us St louis,,,,,,,,,,,,,,
10,2332,Missorui us St louis,,,,,,,,,,,,,,
10,2449,Missorui us St louis,,,,,,,,,,,,,,
10,2573,Missorui us St louis,,,,,,,,,,,,,,
10,2685,Missorui us St louis,,,,,,,,,,,,,,
10,2799,Missorui us St louis,,,,,,,,,,,,,,
10,2930,Missorui us St louis,,,,,,,,,,,,,,
10,3051,Missorui us St louis,,,,,,,,,,,,,,
10,3167,Missorui us St louis,,,,,,,,,,,,,,
10,3282,Missorui us St louis,,,,,,,,,,,,,,
10,3411,Missorui us St louis,,,,,,,,,,,,,,
10,3541,Missorui us St louis,,,,,,,,,,,,,,
10,3669,Missorui us St louis,,,,,,,,,,,,,,
10,3798,Missorui us St louis,,,,,,,,,,,,,,
10,3921,Missorui us St louis,,,,,,,,,,,,,,
10,4026,Missorui us St louis,,,,,,,,,,,,,,
10,4129,Missorui us St louis,,,,,,,,,,,,,,
10,4249,Missorui us St louis,,,,,,,,,,,,,,
10,4376,Missorui us St louis,,,,,,,,,,,,,,
10,4508,Missorui us St louis,,,,,,,,,,,,,,
10,4636,Missorui us St louis,,,,,,,,,,,,,,
10,4759,Missorui us St louis,,,,,,,,,,,,,,
11,141,grand river to missou confluence,,,,,,,,,,,,,,
11,360,grand river to missou confluence,,,,,,,,,,,,,,
11,464,grand river to missou confluence,,,,,,,,,,,,,,
11,564,grand river to missou confluence,,,,,,,,,,,,,,
11,679,grand river to missou confluence,,,,,,,,,,,,,,
11,789,grand river to missou confluence,,,,,,,,,,,,,,
11,888,grand river to missou confluence,,,,,,,,,,,,,,
11,994,grand river to missou confluence,,,,,,,,,,,,,,
11,1098,grand river to missou confluence,,,,,,,,,,,,,,
11,1196,grand river to missou confluence,,,,,,,,,,,,,,
11,1301,grand river to missou confluence,,,,,,,,,,,,,,
11,1409,grand river to missou confluence,,,,,,,,,,,,,,
11,1508,grand river to missou confluence,,,,,,,,,,,,,,
11,1608,grand river to missou confluence,,,,,,,,,,,,,,
11,249,grand river to missou confluence,,,,,,,,,,,,,,
15,72,Missorui to jeff city,,,,,,,,,,,,,,
15,121,Missorui to jeff city,,,,,,,,,,,,,,
15,163,Missorui to jeff city,,,,,,,,,,,,,,
15,209,Missorui to jeff city,,,,,,,,,,,,,,
15,260,Missorui to jeff city,,,,,,,,,,,,,,
15,305,Missorui to jeff city,,,,,,,,,,,,,,
15,353,Missorui to jeff city,,,,,,,,,,,,,,
15,404,Missorui to jeff city,,,,,,,,,,,,,,
15,445,Missorui to jeff city,,,,,,,,,,,,,,
15,492,Missorui to jeff city,,,,,,,,,,,,,,
15,535,Missorui to jeff city,,,,,,,,,,,,,,
15,582,Missorui to jeff city,,,,,,,,,,,,,,
15,627,Missorui to jeff city,,,,,,,,,,,,,,
15,677,Missorui to jeff city,,,,,,,,,,,,,,
15,729,Missorui to jeff city,,,,,,,,,,,,,,
15,780,Missorui to jeff city,,,,,,,,,,,,,,
15,827,Missorui to jeff city,,,,,,,,,,,,,,
15,868,Missorui to jeff city,,,,,,,,,,,,,,
15,915,Missorui to jeff city,,,,,,,,,,,,,,
15,966,Missorui to jeff city,,,,,,,,,,,,,,
16,702,Missou to boonville,,,,,,,,,,,,,,
16,740,Missou to boonville,,,,,,,,,,,,,,
16,780,Missou to boonville,,,,,,,,,,,,,,
16,819,Missou to boonville,,,,,,,,,,,,,,
16,865,Missou to boonville,,,,,,,,,,,,,,
16,909,Missou to boonville,,,,,,,,,,,,,,
16,947,Missou to boonville,,,,,,,,,,,,,,
16,992,Missou to boonville,,,,,,,,,,,,,,
16,1034,Missou to boonville,,,,,,,,,,,,,,
16,1080,Missou to boonville,,,,,,,,,,,,,,
16,1120,Missou to boonville,,,,,,,,,,,,,,
16,1166,Missou to boonville,,,,,,,,,,,,,,
16,1209,Missou to boonville,,,,,,,,,,,,,,
16,1251,Missou to boonville,,,,,,,,,,,,,,
16,1290,Missou to boonville,,,,,,,,,,,,,,
16,1331,Missou to boonville,,,,,,,,,,,,,,
16,1375,Missou to boonville,,,,,,,,,,,,,,
16,1416,Missou to boonville,,,,,,,,,,,,,,
16,1460,Missou to boonville,,,,,,,,,,,,,,
16,1500,Missou to boonville,,,,,,,,,,,,,,
16,1541,Missou to boonville,,,,,,,,,,,,,,
16,1582,Missou to boonville,,,,,,,,,,,,,,
16,1619,Missou to boonville,,,,,,,,,,,,,,
16,1655,Missou to boonville,,,,,,,,,,,,,,
18,462,Missou ds boonville,,,,,,,,,,,,,,
18,504,Missou ds boonville,,,,,,,,,,,,,,
18,546,Missou ds boonville,,,,,,,,,,,,,,
18,587,Missou ds boonville,,,,,,,,,,,,,,
18,628,Missou ds boonville,,,,,,,,,,,,,,
18,668,Missou ds boonville,,,,,,,,,,,,,,
18,707,Missou ds boonville,,,,,,,,,,,,,,
18,748,Missou ds boonville,,,,,,,,,,,,,,
18,789,Missou ds boonville,,,,,,,,,,,,,,
18,828,Missou ds boonville,,,,,,,,,,,,,,
18,862,Missou ds boonville,,,,,,,,,,,,,,
18,896,Missou ds boonville,,,,,,,,,,,,,,
18,928,Missou ds boonville,,,,,,,,,,,,,,
18,962,Missou ds boonville,,,,,,,,,,,,,,
18,994,Missou ds boonville,,,,,,,,,,,,,,
18,1027,Missou ds boonville,,,,,,,,,,,,,,
18,1058,Missou ds boonville,,,,,,,,,,,,,,
18,1090,Missou ds boonville,,,,,,,,,,,,,,
18,1128,Missou ds boonville,,,,,,,,,,,,,,
18,1168,Missou ds boonville,,,,,,,,,,,,,,
18,1208,Missou ds boonville,,,,,,,,,,,,,,
18,1239,Missou ds boonville,,,,,,,,,,,,,,
18,1270,Missou ds boonville,,,,,,,,,,,,,,
18,1305,Missou ds boonville,,,,,,,,,,,,,,
18,1344,Missou ds boonville,,,,,,,,,,,,,,
18,1378,Missou ds boonville,,,,,,,,,,,,,,
18,1410,Missou ds boonville,,,,,,,,,,,,,,
18,1449,Missou ds boonville,,,,,,,,,,,,,,
18,1490,Missou ds boonville,,,,,,,,,,,,,,
19,582,Missou DS grand confluence,,,,,,,,,,,,,,
19,609,Missou DS grand confluence,,,,,,,,,,,,,,
19,638,Missou DS grand confluence,,,,,,,,,,,,,,
19,671,Missou DS grand confluence,,,,,,,,,,,,,,
19,705,Missou DS grand confluence,,,,,,,,,,,,,,
19,739,Missou DS grand confluence,,,,,,,,,,,,,,
19,771,Missou DS grand confluence,,,,,,,,,,,,,,
19,800,Missou DS grand confluence,,,,,,,,,,,,,,
19,830,Missou DS grand confluence,,,,,,,,,,,,,,
19,859,Missou DS grand confluence,,,,,,,,,,,,,,
19,890,Missou DS grand confluence,,,,,,,,,,,,,,
19,921,Missou DS grand confluence,,,,,,,,,,,,,,
19,949,Missou DS grand confluence,,,,,,,,,,,,,,
19,978,Missou DS grand confluence,,,,,,,,,,,,,,
19,1008,Missou DS grand confluence,,,,,,,,,,,,,,
19,1038,Missou DS grand confluence,,,,,,,,,,,,,,
19,1065,Missou DS grand confluence,,,,,,,,,,,,,,
19,1092,Missou DS grand confluence,,,,,,,,,,,,,,
19,1118,Missou DS grand confluence,,,,,,,,,,,,,,
19,1145,Missou DS grand confluence,,,,,,,,,,,,,,
19,1170,Missou DS grand confluence,,,,,,,,,,,,,,
19,1196,Missou DS grand confluence,,,,,,,,,,,,,,
28,8,Missou us glasgow,,,,,,,,,,,,,,
28,23,Missou us glasgow,,,,,,,,,,,,,,
28,37,Missou us glasgow,,,,,,,,,,,,,,
28,50,Missou us glasgow,,,,,,,,,,,,,,
28,62,Missou us glasgow,,,,,,,,,,,,,,
28,73,Missou us glasgow,,,,,,,,,,,,,,
28,86,Missou us glasgow,,,,,,,,,,,,,,
28,99,Missou us glasgow,,,,,,,,,,,,,,
28,113,Missou us glasgow,,,,,,,,,,,,,,
28,128,Missou us glasgow,,,,,,,,,,,,,,
28,143,Missou us glasgow,,,,,,,,,,,,,,
28,158,Missou us glasgow,,,,,,,,,,,,,,
28,173,Missou us glasgow,,,,,,,,,,,,,,
28,188,Missou us glasgow,,,,,,,,,,,,,,
28,202,Missou us glasgow,,,,,,,,,,,,,,
28,216,Missou us glasgow,,,,,,,,,,,,,,
28,228,Missou us glasgow,,,,,,,,,,,,,,
28,240,Missou us glasgow,,,,,,,,,,,,,,
28,251,Missou us glasgow,,,,,,,,,,,,,,
28,263,Missou us glasgow,,,,,,,,,,,,,,
28,275,Missou us glasgow,,,,,,,,,,,,,,
28,288,Missou us glasgow,,,,,,,,,,,,,,
28,301,Missou us glasgow,,,,,,,,,,,,,,
28,315,Missou us glasgow,,,,,,,,,,,,,,
28,328,Missou us glasgow,,,,,,,,,,,,,,
28,342,Missou us glasgow,,,,,,,,,,,,,,
28,357,Missou us glasgow,,,,,,,,,,,,,,
28,371,Missou us glasgow,,,,,,,,,,,,,,
28,386,Missou us glasgow,,,,,,,,,,,,,,
28,401,Missou us glasgow,,,,,,,,,,,,,,
28,415,Missou us glasgow,,,,,,,,,,,,,,
28,430,Missou us glasgow,,,,,,,,,,,,,,
28,445,Missou us glasgow,,,,,,,,,,,,,,
28,460,Missou us glasgow,,,,,,,,,,,,,,
28,474,Missou us glasgow,,,,,,,,,,,,,,
28,489,Missou us glasgow,,,,,,,,,,,,,,
28,503,Missou us glasgow,,,,,,,,,,,,,,
28,518,Missou us glasgow,,,,,,,,,,,,,,
28,533,Missou us glasgow,,,,,,,,,,,,,,
28,546,Missou us glasgow,,,,,,,,,,,,,,
55,143,Niobara us,,,,,,,,,,,,,,
55,424,Niobara us,,,,,,,,,,,,,,
55,713,Niobara us,,,,,,,,,,,,,,
55,1000,Niobara us,,,,,,,,,,,,,,
55,1284,Niobara us,,,,,,,,,,,,,,
55,1573,Niobara us,,,,,,,,,,,,,,
55,1868,Niobara us,,,,,,,,,,,,,,
55,2167,Niobara us,,,,,,,,,,,,,,
55,2457,Niobara us,,,,,,,,,,,,,,
56,6217,North Loup River,,,,,,,,,,,,,,
56,6483,North Loup River,,,,,,,,,,,,,,
56,6749,North Loup River,,,,,,,,,,,,,,
56,7014,North Loup River,,,,,,,,,,,,,,
56,7279,North Loup River,,,,,,,,,,,,,,
56,7822,North Loup River,,,,,,,,,,,,,,
56,8086,North Loup River,,,,,,,,,,,,,,
56,8341,North Loup River,,,,,,,,,,,,,,
56,8589,North Loup River,,,,,,,,,,,,,,
56,8861,North Loup River,,,,,,,,,,,,,,
56,9123,North Loup River,,,,,,,,,,,,,,
57,134,Platte near grand island,,,,,,,,,,,,,,
57,397,Platte near grand island,,,,,,,,,,,,,,
57,912,Platte near grand island,,,,,,,,,,,,,,
57,1159,Platte near grand island,,,,,,,,,,,,,,
57,1890,Platte near grand island,,,,,,,,,,,,,,
57,2615,Platte near grand island,,,,,,,,,,,,,,
57,2857,Platte near grand island,,,,,,,,,,,,,,
57,3097,Platte near grand island,,,,,,,,,,,,,,
57,3339,Platte near grand island,,,,,,,,,,,,,,
57,3598,Platte near grand island,,,,,,,,,,,,,,
57,3857,Platte near grand island,,,,,,,,,,,,,,
57,4123,Platte near grand island,,,,,,,,,,,,,,
57,4653,Platte near grand island,,,,,,,,,,,,,,
58,5543,Elkhorn river,,,,,,,,,,,,,,
58,6048,Elkhorn river,,,,,,,,,,,,,,
58,7296,Elkhorn river,,,,,,,,,,,,,,
58,8277,Elkhorn river,,,,,,,,,,,,,,
58,9522,Elkhorn river,,,,,,,,,,,,,,
58,9771,Elkhorn river,,,,,,,,,,,,,,
60,3365,Middle Loup River,,,,,,,,,,,,,,
60,3498,Middle Loup River,,,,,,,,,,,,,,
60,3628,Middle Loup River,,,,,,,,,,,,,,
60,3755,Middle Loup River,,,,,,,,,,,,,,
60,3887,Middle Loup River,,,,,,,,,,,,,,
60,4014,Middle Loup River,,,,,,,,,,,,,,
60,4146,Middle Loup River,,,,,,,,,,,,,,
60,4277,Middle Loup River,,,,,,,,,,,,,,
60,4410,Middle Loup River,,,,,,,,,,,,,,
60,4535,Middle Loup River,,,,,,,,,,,,,,
60,4664,Middle Loup River,,,,,,,,,,,,,,
60,4792,Middle Loup River,,,,,,,,,,,,,,
60,4921,Middle Loup River,,,,,,,,,,,,,,
60,5050,Middle Loup River,,,,,,,,,,,,,,
61,730,Platte near elkhorn,,,,,,,,,,,,,,
61,823,Platte near elkhorn,,,,,,,,,,,,,,
61,901,Platte near elkhorn,,,,,,,,,,,,,,
61,1065,Platte near elkhorn,,,,,,,,,,,,,,
61,1156,Platte near elkhorn,,,,,,,,,,,,,,
61,1248,Platte near elkhorn,,,,,,,,,,,,,,
61,1337,Platte near elkhorn,,,,,,,,,,,,,,
61,1428,Platte near elkhorn,,,,,,,,,,,,,,
61,1516,Platte near elkhorn,,,,,,,,,,,,,,
61,1607,Platte near elkhorn,,,,,,,,,,,,,,
61,1686,Platte near elkhorn,,,,,,,,,,,,,,
61,1776,Platte near elkhorn,,,,,,,,,,,,,,
61,1862,Platte near elkhorn,,,,,,,,,,,,,,
62,819,Missou ds Sioux city,,,,,,,,,,,,,,
62,900,Missou ds Sioux city,,,,,,,,,,,,,,
62,971,Missou ds Sioux city,,,,,,,,,,,,,,
62,1354,Missou ds Sioux city,,,,,,,,,,,,,,
62,1579,Missou ds Sioux city,,,,,,,,,,,,,,
62,1737,Missou ds Sioux city,,,,,,,,,,,,,,
62,1820,Missou ds Sioux city,,,,,,,,,,,,,,
62,2214,Missou ds Sioux city,,,,,,,,,,,,,,
62,2369,Missou ds Sioux city,,,,,,,,,,,,,,
62,2525,Missou ds Sioux city,,,,,,,,,,,,,,
62,2603,Missou ds Sioux city,,,,,,,,,,,,,,
62,2683,Missou ds Sioux city,,,,,,,,,,,,,,
62,2759,Missou ds Sioux city,,,,,,,,,,,,,,
62,2832,Missou ds Sioux city,,,,,,,,,,,,,,
62,2908,Missou ds Sioux city,,,,,,,,,,,,,,
63,427,Missou US Sioux city,,,,,,,,,,,,,,
63,497,Missou US Sioux city,,,,,,,,,,,,,,
63,569,Missou US Sioux city,,,,,,,,,,,,,,
63,651,Missou US Sioux city,,,,,,,,,,,,,,
63,734,Missou US Sioux city,,,,,,,,,,,,,,
63,818,Missou US Sioux city,,,,,,,,,,,,,,
63,900,Missou US Sioux city,,,,,,,,,,,,,,
63,981,Missou US Sioux city,,,,,,,,,,,,,,
63,1212,Missou US Sioux city,,,,,,,,,,,,,,
63,1286,Missou US Sioux city,,,,,,,,,,,,,,
63,1441,Missou US Sioux city,,,,,,,,,,,,,,
63,1511,Missou US Sioux city,,,,,,,,,,,,,,
63,1669,Missou US Sioux city,,,,,,,,,,,,,,
63,1743,Missou US Sioux city,,,,,,,,,,,,,,
63,1824,Missou US Sioux city,,,,,,,,,,,,,,
63,1905,Missou US Sioux city,,,,,,,,,,,,,,
63,2050,Missou US Sioux city,,,,,,,,,,,,,,
63,2128,Missou US Sioux city,,,,,,,,,,,,,,
63,2197,Missou US Sioux city,,,,,,,,,,,,,,
63,2267,Missou US Sioux city,,,,,,,,,,,,,,
63,2492,Missou US Sioux city,,,,,,,,,,,,,,
63,2563,Missou US Sioux city,,,,,,,,,,,,,,
63,2641,Missou US Sioux city,,,,,,,,,,,,,,
63,2714,Missou US Sioux city,,,,,,,,,,,,,,
63,2790,Missou US Sioux city,,,,,,,,,,,,,,
64,1190,Niobara,,,,,,,,,,,,,,
64,1259,Niobara,,,,,,,,,,,,,,
64,1326,Niobara,,,,,,,,,,,,,,
64,1391,Niobara,,,,,,,,,,,,,,
64,1458,Niobara,,,,,,,,,,,,,,
64,1527,Niobara,,,,,,,,,,,,,,
64,1593,Niobara,,,,,,,,,,,,,,
64,1664,Niobara,,,,,,,,,,,,,,
64,1735,Niobara,,,,,,,,,,,,,,
64,1806,Niobara,,,,,,,,,,,,,,
64,1875,Niobara,,,,,,,,,,,,,,
64,1943,Niobara,,,,,,,,,,,,,,
64,2010,Niobara,,,,,,,,,,,,,,
64,2077,Niobara,,,,,,,,,,,,,,
64,2145,Niobara,,,,,,,,,,,,,,
64,2209,Niobara,,,,,,,,,,,,,,
64,2271,Niobara,,,,,,,,,,,,,,
68,198,Cedar River,,,,,,,,,,,,,,
68,254,Cedar River,,,,,,,,,,,,,,
68,311,Cedar River,,,,,,,,,,,,,,
68,366,Cedar River,,,,,,,,,,,,,,
68,421,Cedar River,,,,,,,,,,,,,,
68,479,Cedar River,,,,,,,,,,,,,,
68,534,Cedar River,,,,,,,,,,,,,,
68,591,Cedar River,,,,,,,,,,,,,,
68,648,Cedar River,,,,,,,,,,,,,,
68,701,Cedar River,,,,,,,,,,,,,,
68,818,Cedar River,,,,,,,,,,,,,,
68,874,Cedar River,,,,,,,,,,,,,,
68,987,Cedar River,,,,,,,,,,,,,,
68,1099,Cedar River,,,,,,,,,,,,,,
68,1156,Cedar River,,,,,,,,,,,,,,
68,1213,Cedar River,,,,,,,,,,,,,,
68,1271,Cedar River,,,,,,,,,,,,,,
68,1384,Cedar River,,,,,,,,,,,,,,
69,1752,Missorui US Yankton,,,,,,,,,,,,,,
69,1799,Missorui US Yankton,,,,,,,,,,,,,,
69,1844,Missorui US Yankton,,,,,,,,,,,,,,
69,1891,Missorui US Yankton,,,,,,,,,,,,,,
69,1945,Missorui US Yankton,,,,,,,,,,,,,,
69,2000,Missorui US Yankton,,,,,,,,,,,,,,
69,2056,Missorui US Yankton,,,,,,,,,,,,,,
69,2108,Missorui US Yankton,,,,,,,,,,,,,,
70,435,DS Middle Loup,,,,,,,,,,,,,,
70,484,DS Middle Loup,,,,,,,,,,,,,,
70,587,DS Middle Loup,,,,,,,,,,,,,,
70,640,DS Middle Loup,,,,,,,,,,,,,,
70,691,DS Middle Loup,,,,,,,,,,,,,,
70,741,DS Middle Loup,,,,,,,,,,,,,,
70,840,DS Middle Loup,,,,,,,,,,,,,,
70,891,DS Middle Loup,,,,,,,,,,,,,,
70,941,DS Middle Loup,,,,,,,,,,,,,,
70,992,DS Middle Loup,,,,,,,,,,,,,,
70,1198,DS Middle Loup,,,,,,,,,,,,,,
70,1252,DS Middle Loup,,,,,,,,,,,,,,
70,1356,DS Middle Loup,,,,,,,,,,,,,,
70,1406,DS Middle Loup,,,,,,,,,,,,,,
70,1459,DS Middle Loup,,,,,,,,,,,,,,
70,1509,DS Middle Loup,,,,,,,,,,,,,,
70,1564,DS Middle Loup,,,,,,,,,,,,,,
73,122,Dismal river,,,,,,,,,,,,,,
73,192,Dismal river,,,,,,,,,,,,,,
73,259,Dismal river,,,,,,,,,,,,,,
73,295,Dismal river,,,,,,,,,,,,,,
73,401,Dismal river,,,,,,,,,,,,,,
73,505,Dismal river,,,,,,,,,,,,,,
73,641,Dismal river,,,,,,,,,,,,,,
73,677,Dismal river,,,,,,,,,,,,,,
73,710,Dismal river,,,,,,,,,,,,,,
73,744,Dismal river,,,,,,,,,,,,,,
73,777,Dismal river,,,,,,,,,,,,,,
73,846,Dismal river,,,,,,,,,,,,,,
73,879,Dismal river,,,,,,,,,,,,,,
73,915,Dismal river,,,,,,,,,,,,,,
73,949,Dismal river,,,,,,,,,,,,,,
73,1018,Dismal river,,,,,,,,,,,,,,
75,173,MIddle loup US,,,,,,,,,,,,,,
75,203,MIddle loup US,,,,,,,,,,,,,,
75,234,MIddle loup US,,,,,,,,,,,,,,
75,265,MIddle loup US,,,,,,,,,,,,,,
75,295,MIddle loup US,,,,,,,,,,,,,,
75,327,MIddle loup US,,,,,,,,,,,,,,
75,360,MIddle loup US,,,,,,,,,,,,,,
75,391,MIddle loup US,,,,,,,,,,,,,,
75,423,MIddle loup US,,,,,,,,,,,,,,
75,456,MIddle loup US,,,,,,,,,,,,,,
75,488,MIddle loup US,,,,,,,,,,,,,,
75,516,MIddle loup US,,,,,,,,,,,,,,
75,547,MIddle loup US,,,,,,,,,,,,,,
75,581,MIddle loup US,,,,,,,,,,,,,,
75,615,MIddle loup US,,,,,,,,,,,,,,
75,649,MIddle loup US,,,,,,,,,,,,,,
75,682,MIddle loup US,,,,,,,,,,,,,,
75,716,MIddle loup US,,,,,,,,,,,,,,
75,745,MIddle loup US,,,,,,,,,,,,,,
75,777,MIddle loup US,,,,,,,,,,,,,,
75,808,MIddle loup US,,,,,,,,,,,,,,
75,837,MIddle loup US,,,,,,,,,,,,,,
75,868,MIddle loup US,,,,,,,,,,,,,,
75,899,MIddle loup US,,,,,,,,,,,,,,
75,930,MIddle loup US,,,,,,,,,,,,,,
75,963,MIddle loup US,,,,,,,,,,,,,,
75,996,MIddle loup US,,,,,,,,,,,,,,
75,1024,MIddle loup US,,,,,,,,,,,,,,
75,1055,MIddle loup US,,,,,,,,,,,,,,
75,1085,MIddle loup US,,,,,,,,,,,,,,
77,13,middle middle loup,,,,,,,,,,,,,,
77,38,middle middle loup,,,,,,,,,,,,,,
77,114,middle middle loup,,,,,,,,,,,,,,
77,138,middle middle loup,,,,,,,,,,,,,,
77,237,middle middle loup,,,,,,,,,,,,,,
77,260,middle middle loup,,,,,,,,,,,,,,
77,285,middle middle loup,,,,,,,,,,,,,,
77,310,middle middle loup,,,,,,,,,,,,,,
77,332,middle middle loup,,,,,,,,,,,,,,
77,354,middle middle loup,,,,,,,,,,,,,,
77,379,middle middle loup,,,,,,,,,,,,,,
77,403,middle middle loup,,,,,,,,,,,,,,
77,427,middle middle loup,,,,,,,,,,,,,,
77,451,middle middle loup,,,,,,,,,,,,,,
77,474,middle middle loup,,,,,,,,,,,,,,
77,498,middle middle loup,,,,,,,,,,,,,,
77,523,middle middle loup,,,,,,,,,,,,,,
77,547,middle middle loup,,,,,,,,,,,,,,
77,571,middle middle loup,,,,,,,,,,,,,,
77,595,middle middle loup,,,,,,,,,,,,,,
77,619,middle middle loup,,,,,,,,,,,,,,
78,50,Verdigre Creek,,,,,,,,,,,,,,
78,72,Verdigre Creek,,,,,,,,,,,,,,
78,95,Verdigre Creek,,,,,,,,,,,,,,
78,118,Verdigre Creek,,,,,,,,,,,,,,
78,140,Verdigre Creek,,,,,,,,,,,,,,
78,161,Verdigre Creek,,,,,,,,,,,,,,
78,183,Verdigre Creek,,,,,,,,,,,,,,
78,205,Verdigre Creek,,,,,,,,,,,,,,
78,226,Verdigre Creek,,,,,,,,,,,,,,
78,247,Verdigre Creek,,,,,,,,,,,,,,
78,269,Verdigre Creek,,,,,,,,,,,,,,
78,291,Verdigre Creek,,,,,,,,,,,,,,
78,311,Verdigre Creek,,,,,,,,,,,,,,
78,330,Verdigre Creek,,,,,,,,,,,,,,
78,351,Verdigre Creek,,,,,,,,,,,,,,
78,372,Verdigre Creek,,,,,,,,,,,,,,
78,395,Verdigre Creek,,,,,,,,,,,,,,
84,4855,Missou DS omaha,,,,,,,,,,,,,,
84,5035,Missou DS omaha,,,,,,,,,,,,,,
84,5215,Missou DS omaha,,,,,,,,,,,,,,
84,5392,Missou DS omaha,,,,,,,,,,,,,,
84,5572,Missou DS omaha,,,,,,,,,,,,,,
84,5938,Missou DS omaha,,,,,,,,,,,,,,
84,6118,Missou DS omaha,,,,,,,,,,,,,,
84,6293,Missou DS omaha,,,,,,,,,,,,,,
84,6473,Missou DS omaha,,,,,,,,,,,,,,
84,6649,Missou DS omaha,,,,,,,,,,,,,,
84,6825,Missou DS omaha,,,,,,,,,,,,,,
84,7007,Missou DS omaha,,,,,,,,,,,,,,
84,7196,Missou DS omaha,,,,,,,,,,,,,,
88,127,Yellowstone US,,,,,,,,,,,,,,
88,364,Yellowstone US,,,,,,,,,,,,,,
88,606,Yellowstone US,,,,,,,,,,,,,,
88,855,Yellowstone US,,,,,,,,,,,,,,
88,1102,Yellowstone US,,,,,,,,,,,,,,
88,1359,Yellowstone US,,,,,,,,,,,,,,
88,1595,Yellowstone US,,,,,,,,,,,,,,
88,1845,Yellowstone US,,,,,,,,,,,,,,
88,2096,Yellowstone US,,,,,,,,,,,,,,
88,2341,Yellowstone US,,,,,,,,,,,,,,
88,2584,Yellowstone US,,,,,,,,,,,,,,
88,2834,Yellowstone US,,,,,,,,,,,,,,
88,3080,Yellowstone US,,,,,,,,,,,,,,
88,3337,Yellowstone US,,,,,,,,,,,,,,
88,3592,Yellowstone US,,,,,,,,,,,,,,
89,616,Missouri Ulm,,,,,,,,,,,,,,
89,855,Missouri Ulm,,,,,,,,,,,,,,
89,1335,Missouri Ulm,,,,,,,,,,,,,,
89,1575,Missouri Ulm,,,,,,,,,,,,,,
89,2060,Missouri Ulm,,,,,,,,,,,,,,
89,2304,Missouri Ulm,,,,,,,,,,,,,,
89,2544,Missouri Ulm,,,,,,,,,,,,,,
89,3027,Missouri Ulm,,,,,,,,,,,,,,
89,3268,Missouri Ulm,,,,,,,,,,,,,,
89,3509,Missouri Ulm,,,,,,,,,,,,,,
89,3749,Missouri Ulm,,,,,,,,,,,,,,
89,3995,Missouri Ulm,,,,,,,,,,,,,,
89,4243,Missouri Ulm,,,,,,,,,,,,,,
90,617,Madison River,,,,,,,,,,,,,,
90,793,Madison River,,,,,,,,,,,,,,
90,980,Madison River,,,,,,,,,,,,,,
90,1320,Madison River,,,,,,,,,,,,,,
90,1504,Madison River,,,,,,,,,,,,,,
90,1681,Madison River,,,,,,,,,,,,,,
90,1848,Madison River,,,,,,,,,,,,,,
91,1192,Missorui fort belknap,,,,,,,,,,,,,,
91,1336,Missorui fort belknap,,,,,,,,,,,,,,
91,1479,Missorui fort belknap,,,,,,,,,,,,,,
91,1619,Missorui fort belknap,,,,,,,,,,,,,,
91,1759,Missorui fort belknap,,,,,,,,,,,,,,
91,1897,Missorui fort belknap,,,,,,,,,,,,,,
91,2031,Missorui fort belknap,,,,,,,,,,,,,,
91,2166,Missorui fort belknap,,,,,,,,,,,,,,
91,2303,Missorui fort belknap,,,,,,,,,,,,,,
91,2444,Missorui fort belknap,,,,,,,,,,,,,,
91,2575,Missorui fort belknap,,,,,,,,,,,,,,
91,2703,Missorui fort belknap,,,,,,,,,,,,,,
91,2841,Missorui fort belknap,,,,,,,,,,,,,,
91,2976,Missorui fort belknap,,,,,,,,,,,,,,
91,3116,Missorui fort belknap,,,,,,,,,,,,,,
91,3258,Missorui fort belknap,,,,,,,,,,,,,,
91,3400,Missorui fort belknap,,,,,,,,,,,,,,
91,3537,Missorui fort belknap,,,,,,,,,,,,,,
91,3679,Missorui fort belknap,,,,,,,,,,,,,,
91,3817,Missorui fort belknap,,,,,,,,,,,,,,
91,3953,Missorui fort belknap,,,,,,,,,,,,,,
91,4092,Missorui fort belknap,,,,,,,,,,,,,,
95,125,Missou loma,,,,,,,,,,,,,,
95,207,Missou loma,,,,,,,,,,,,,,
95,289,Missou loma,,,,,,,,,,,,,,
95,371,Missou loma,,,,,,,,,,,,,,
95,456,Missou loma,,,,,,,,,,,,,,
95,535,Missou loma,,,,,,,,,,,,,,
95,617,Missou loma,,,,,,,,,,,,,,
95,700,Missou loma,,,,,,,,,,,,,,
95,782,Missou loma,,,,,,,,,,,,,,
95,854,Missou loma,,,,,,,,,,,,,,
95,936,Missou loma,,,,,,,,,,,,,,
95,1020,Missou loma,,,,,,,,,,,,,,
95,1102,Missou loma,,,,,,,,,,,,,,
95,1189,Missou loma,,,,,,,,,,,,,,
95,1264,Missou loma,,,,,,,,,,,,,,
95,1345,Missou loma,,,,,,,,,,,,,,
95,1426,Missou loma,,,,,,,,,,,,,,
95,1500,Missou loma,,,,,,,,,,,,,,
95,1576,Missou loma,,,,,,,,,,,,,,
95,1653,Missou loma,,,,,,,,,,,,,,
97,1221,Missou us fort benton,,,,,,,,,,,,,,
97,1349,Missou us fort benton,,,,,,,,,,,,,,
97,1475,Missou us fort benton,,,,,,,,,,,,,,
97,1538,Missou us fort benton,,,,,,,,,,,,,,
97,1602,Missou us fort benton,,,,,,,,,,,,,,
97,1665,Missou us fort benton,,,,,,,,,,,,,,
97,1729,Missou us fort benton,,,,,,,,,,,,,,
97,1794,Missou us fort benton,,,,,,,,,,,,,,
97,1855,Missou us fort benton,,,,,,,,,,,,,,
97,1920,Missou us fort benton,,,,,,,,,,,,,,
97,1986,Missou us fort benton,,,,,,,,,,,,,,
97,2048,Missou us fort benton,,,,,,,,,,,,,,
97,2111,Missou us fort benton,,,,,,,,,,,,,,
97,2176,Missou us fort benton,,,,,,,,,,,,,,
101,800,DS Yellowstone river,,,,,,,,,,,,,,
101,842,DS Yellowstone river,,,,,,,,,,,,,,
101,882,DS Yellowstone river,,,,,,,,,,,,,,
101,923,DS Yellowstone river,,,,,,,,,,,,,,
101,964,DS Yellowstone river,,,,,,,,,,,,,,
101,1006,DS Yellowstone river,,,,,,,,,,,,,,
101,1047,DS Yellowstone river,,,,,,,,,,,,,,
101,1091,DS Yellowstone river,,,,,FID,Shape *,ID,lat_dd,lon_dd,width_m,xDir,segDist_m,segmentID,segmentInd
101,1134,DS Yellowstone river,,,,,1627,Polyline,4121,47.595233,-111.051944,169,216.832565,359,104,11
101,1176,DS Yellowstone river,,,,,1628,Polyline,4122,47.590102,-111.057525,237,206.523463,1076,104,30
101,1218,DS Yellowstone river,,,,,1629,Polyline,4123,47.584433,-111.059115,189,182.819071,1774,104,51
101,1295,DS Yellowstone river,,,,,1630,Polyline,4124,47.578762,-111.061901,362,230.48287,2482,104,72
101,1377,DS Yellowstone river,,,,,1631,Polyline,4125,47.577273,-111.070676,270,269.949302,3194,104,94
101,1412,DS Yellowstone river,,,,,1632,Polyline,4126,47.578751,-111.079853,279,296.507579,3928,104,117
101,1450,DS Yellowstone river,,,,,1633,Polyline,4127,47.575778,-111.085832,243,182.799055,4639,104,137
101,1491,DS Yellowstone river,,,,,1634,Polyline,4128,47.56984,-111.085025,232,174.226199,5341,104,159
101,1531,DS Yellowstone river,,,,,1635,Polyline,4129,47.566866,-111.091401,137,281.243945,6062,104,180
104,224,MIssou at great falls,,,,,1636,Polyline,4130,47.566319,-111.098978,169,235.419304,6739,104,201
104,246,MIssou at great falls,,,,,1637,Polyline,4131,47.565231,-111.108149,152,272.784057,7484,104,224
104,265,MIssou at great falls,,,,,1638,Polyline,4132,47.565898,-111.116925,136,294.142918,8188,104,246
104,285,MIssou at great falls,,,,,1639,Polyline,4133,47.569129,-111.124511,315,269.909575,8881,104,265
104,305,MIssou at great falls,,,,,1640,Polyline,4134,47.566016,-111.13248,339,229.539148,9595,104,285
104,325,MIssou at great falls,,,,,1641,Polyline,4135,47.560611,-111.137651,298,216.769333,10330,104,305
104,345,MIssou at great falls,,,,,1642,Polyline,4136,47.555207,-111.142023,233,219.996986,11035,104,325
104,365,MIssou at great falls,,,,,1643,Polyline,4137,47.552363,-111.149192,265,237.885411,11729,104,345
104,388,MIssou at great falls,,,,,1644,Polyline,4138,47.549383,-111.157158,317,253.186265,12452,104,365
104,409,MIssou at great falls,,,,,1645,Polyline,4139,47.54937,-111.166328,218,261.347979,13156,104,388
104,427,MIssou at great falls,,,,,1646,Polyline,4140,47.547333,-111.174694,235,233.002669,13852,104,409
104,448,MIssou at great falls,,,,,1647,Polyline,4141,47.543273,-111.181857,212,228.047135,14563,104,427
104,468,MIssou at great falls,,,,,1648,Polyline,4142,47.539887,-111.189419,218,258.551795,15299,104,448
114,145,Bighorn river,,,,,1649,Polyline,4143,47.535422,-111.195781,171,208.667388,16020,104,468
114,429,Bighorn river,,,,,,,,,,,,,,
114,712,Bighorn river,,,,,,,,,,,,,,
114,1001,Bighorn river,,,,,,,,,,,,,,
114,1285,Bighorn river,,,,,,,,,,,,,,
114,1580,Bighorn river,,,,,,,,,,,,,,
114,2154,Bighorn river,,,,,,,,,,,,,,
114,2716,Bighorn river,,,,,,,,,,,,,,
114,2997,Bighorn river,,,,,,,,,,,,,,
114,2433,Bighorn river,,,,,,,,,,,,,,
117,160,Bighorn river,,,,,,,,,,,,,,
117,495,Yellowstone at missou,,,,,,,,,,,,,,
117,1125,Yellowstone at missou,,,,,,,,,,,,,,
117,1437,Yellowstone at missou,,,,,,,,,,,,,,
117,1752,Yellowstone at missou,,,,,,,,,,,,,,
117,2681,Yellowstone at missou,,,,,,,,,,,,,,
117,2997,Yellowstone at missou,,,,,,,,,,,,,,
117,3917,Yellowstone at missou,,,,,,,,,,,,,,
117,4233,Yellowstone at missou,,,,,,,,,,,,,,
117,4543,Yellowstone at missou,,,,,,,,,,,,,,
117,5182,Yellowstone at missou,,,,,,,,,,,,,,
117,5482,Yellowstone at missou,,,,,,,,,,,,,,
117,5784,Yellowstone at missou,,,,,,,,,,,,,,
117,6107,Yellowstone at missou,,,,,,,,,,,,,,
117,6423,Yellowstone at missou,,,,,,,,,,,,,,
117,6739,Yellowstone at missou,,,,,,,,,,,,,,
121,35,Yellowstone at missou,,,,,,,,,,,,,,
121,47,Missorui Ds yellowstone,,,,,,,,,,,,,,
121,59,Missorui Ds yellowstone,,,,,,,,,,,,,,
121,72,Missorui Ds yellowstone,,,,,,,,,,,,,,
121,85,Missorui Ds yellowstone,,,,,,,,,,,,,,
121,100,Missorui Ds yellowstone,,,,,,,,,,,,,,
121,114,Missorui Ds yellowstone,,,,,,,,,,,,,,
121,128,Missorui Ds yellowstone,,,,,,,,,,,,,,
121,142,Missorui Ds yellowstone,,,,,,,,,,,,,,
121,157,Missorui Ds yellowstone,,,,,,,,,,,,,,
121,171,Missorui Ds yellowstone,,,,,,,,,,,,,,
121,184,Missorui Ds yellowstone,,,,,,,,,,,,,,
121,196,Missorui Ds yellowstone,,,,,,,,,,,,,,
121,207,Missorui Ds yellowstone,,,,,,,,,,,,,,
121,220,Missorui Ds yellowstone,,,,,,,,,,,,,,
121,232,Missorui Ds yellowstone,,,,,,,,,,,,,,
121,244,Missorui Ds yellowstone,,,,,,,,,,,,,,
121,258,Missorui Ds yellowstone,,,,,,,,,,,,,,
121,272,Missorui Ds yellowstone,,,,,,,,,,,,,,
121,287,Missorui Ds yellowstone,,,,,,,,,,,,,,
121,301,Missorui Ds yellowstone,,,,,,,,,,,,,,
121,315,Missorui Ds yellowstone,,,,,,,,,,,,,,
121,330,Missorui Ds yellowstone,,,,,,,,,,,,,,
121,344,Missorui Ds yellowstone,,,,,,,,,,,,,,
121,358,Missorui Ds yellowstone,,,,,,,,,,,,,,
121,370,Missorui Ds yellowstone,,,,,,,,,,,,,,
121,383,Missorui Ds yellowstone,,,,,,,,,,,,,,
121,397,Missorui Ds yellowstone,,,,,,,,,,,,,,
121,409,Missorui Ds yellowstone,,,,,,,,,,,,,,
121,421,Missorui Ds yellowstone,,,,,,,,,,,,,,
121,433,Missorui Ds yellowstone,,,,,,,,,,,,,,
121,445,Missorui Ds yellowstone,,,,,,,,,,,,,,
121,457,Missorui Ds yellowstone,,,,,,,,,,,,,,
126,459,Missorui Ds yellowstone,,,,,,,,,,,,,,
126,564,Yellowstone at billings,,,,,,,,,,,,,,
126,767,Yellowstone at billings,,,,,,,,,,,,,,
126,866,Yellowstone at billings,,,,,,,,,,,,,,
126,966,Yellowstone at billings,,,,,,,,,,,,,,
126,1060,Yellowstone at billings,,,,,,,,,,,,,,
126,1164,Yellowstone at billings,,,,,,,,,,,,,,
126,1267,Yellowstone at billings,,,,,,,,,,,,,,
126,1363,Yellowstone at billings,,,,,,,,,,,,,,
126,1465,Yellowstone at billings,,,,,,,,,,,,,,
126,1569,Yellowstone at billings,,,,,,,,,,,,,,
126,1675,Yellowstone at billings,,,,,,,,,,,,,,
126,1775,Yellowstone at billings,,,,,,,,,,,,,,
126,1879,Yellowstone at billings,,,,,,,,,,,,,,
126,1982,Yellowstone at billings,,,,,,,,,,,,,,
126,2080,Yellowstone at billings,,,,,,,,,,,,,,
126,2181,Yellowstone at billings,,,,,,,,,,,,,,
126,2279,Yellowstone at billings,,,,,,,,,,,,,,
133,186,Yellowstone at billings,,,,,,,,,,,,,,
133,219,Yellowsone at  hysham,,,,,,,,,,,,,,
133,254,Yellowsone at  hysham,,,,,,,,,,,,,,
133,290,Yellowsone at  hysham,,,,,,,,,,,,,,
133,327,Yellowsone at  hysham,,,,,,,,,,,,,,
133,364,Yellowsone at  hysham,,,,,,,,,,,,,,
133,400,Yellowsone at  hysham,,,,,,,,,,,,,,
133,436,Yellowsone at  hysham,,,,,,,,,,,,,,
133,474,Yellowsone at  hysham,,,,,,,,,,,,,,
133,509,Yellowsone at  hysham,,,,,,,,,,,,,,
133,542,Yellowsone at  hysham,,,,,,,,,,,,,,
133,577,Yellowsone at  hysham,,,,,,,,,,,,,,
133,610,Yellowsone at  hysham,,,,,,,,,,,,,,
133,646,Yellowsone at  hysham,,,,,,,,,,,,,,
133,819,Yellowsone at  hysham,,,,,,,,,,,,,,
133,852,Yellowsone at  hysham,,,,,,,,,,,,,,
133,885,Yellowsone at  hysham,,,,,,,,,,,,,,
133,919,Yellowsone at  hysham,,,,,,,,,,,,,,
133,957,Yellowsone at  hysham,,,,,,,,,,,,,,
133,995,Yellowsone at  hysham,,,,,,,,,,,,,,
133,1029,Yellowsone at  hysham,,,,,,,,,,,,,,
133,1062,Yellowsone at  hysham,,,,,,,,,,,,,,
133,1099,Yellowsone at  hysham,,,,,,,,,,,,,,
133,1135,Yellowsone at  hysham,,,,,,,,,,,,,,
133,1169,Yellowsone at  hysham,,,,,,,,,,,,,,
133,1203,Yellowsone at  hysham,,,,,,,,,,,,,,
133,1239,Yellowsone at  hysham,,,,,,,,,,,,,,
145,373,Yellowsone at  hysham,,,,,,,,,,,,,,
145,610,Missou US bismark,,,,,,,,,,,,,,
145,837,Missou US bismark,,,,,,,,,,,,,,
145,1315,Missou US bismark,,,,,,,,,,,,,,
145,1549,Missou US bismark,,,,,,,,,,,,,,
145,1796,Missou US bismark,,,,,,,,,,,,,,
145,2019,Missou US bismark,,,,,,,,,,,,,,
145,2255,Missou US bismark,,,,,,,,,,,,,,
145,2482,Missou US bismark,,,,,,,,,,,,,,
145,2731,Missou US bismark,,,,,,,,,,,,,,
145,2958,Missou US bismark,,,,,,,,,,,,,,
167,11849,Missou US bismark,,,,,,,,,,,,,,
167,12323,Missou at culbertson,,,,,,,,,,,,,,
167,12801,Missou at culbertson,,,,,,,,,,,,,,
167,13285,Missou at culbertson,,,,,,,,,,,,,,
167,13769,Missou at culbertson,,,,,,,,,,,,,,
167,14246,Missou at culbertson,,,,,,,,,,,,,,
167,15736,Missou at culbertson,,,,,,,,,,,,,,
167,16220,Missou at culbertson,,,,,,,,,,,,,,
167,16706,Missou at culbertson,,,,,,,,,,,,,,
167,17181,Missou at culbertson,,,,,,,,,,,,,,
167,17658,Missou at culbertson,,,,,,,,,,,,,,
167,18609,Missou at culbertson,,,,,,,,,,,,,,
